"상품명 ","수량 "
"당도 100%","1,038"
"당도 50%","5,219"
"당도 30%","10,261"
"당도 10%","2,760"
"당도 0%","2,797"
"블랙펄","4,270"
"골든 버블","2,185"
"우롱티 젤리","2,501"
"얼음 보통","9,409"
"얼음 적게","9,564"
"얼음 매우 적게","1,094"
"얼음 없이","1,240"
"상온","102"
"따뜻하게","432"
"뜨겁게","97"
"L","8,808"
"상온","1"
"M","11,758"
"얼음 많이","136"
"블랙펄+골든 버블","194"
"블랙펄+우롱티 젤리","145"
"골든버블+우롱티 젤리","150"
"레몬 스프링 우롱티","2,351"
"오렌지 스프링 우롱티","156"
"자몽 시트러스 우롱티","772"
"","3,279"
"블랙티 라떼","221"
"그린티 라떼","171"
"라이트 로스티드 우롱티 라떼","259"
"다크 로스티드 우롱티 라떼","470"
"호지차 라떼","222"
"","1,343"
"# 블랙티","127"
"# 그린티","120"
"# 스프링 우롱티","994"
"# 라이트 로스티드 우롱티","338"
"# 다크 로스티드 우롱티","454"
"메밀 그린 루이보스티","233"
"","2,266"
"치즈 밀크폼 스프링 우롱티","1,883"
"치즈 밀크폼 라이트 로스티드 우롱티","386"
"치즈 밀크폼 다크 로스티드 우롱티","2,093"
"치즈 밀크폼 호지차","237"
"치즈 밀크폼 그린티","113"
"치즈 밀크폼{|}블랙티","2"
"치즈 밀크폼 초콜렛","298"
"","5,012"
"블랙 밀크티","1,044"
"그린 밀크티","836"
"라이트 로스티드 우롱 밀크티","1,252"
"다크 로스티드 우롱 밀크티","6,463"
"호지차 밀크티","580"
"","10,175"